pdb_site,lrmsd_obs
20,1.6474967337765318
21,1.681177968318029
22,1.228681463523097
23,1.2952627228125524
24,1.9473452202547636
25,1.6862970874769698
26,1.3425479704343506
27,0.1629994343972845
28,-0.4375107024547434
29,-0.45590818490341833
30,-0.17772828093786405
31,-0.13037586705559462
32,-0.37632265809089627
33,-0.18015974432389764
34,-0.00209665687293892
35,0.18272902446080677
36,0.07609752840870708
37,-0.2689969366474619
38,-0.37835241429114613
39,-0.5048171534731621
40,-0.30962534232883626
41,-0.5001328906942257
42,-0.7568905514776562
43,-0.3199951107652731
44,0.30034232729673827
45,0.6045819042248264
46,0.7641373142777685
47,1.1943356030672527
50,1.4709478802586318
51,0.48465299395581146
52,0.02857659617942437
53,-0.586562965326593
54,-1.101290019480454
55,-0.8876121826973865
56,-0.9418669874545136
57,-0.644888440278704
58,-0.5757448124220754
59,-0.4577332209417913
60,-0.47252533999329777
61,0.0661898697109193
62,0.31166887899647566
63,0.9516069435031445
64,-0.1200806190976944
65,-0.28713710807118387
66,-0.4550700285731151
67,-0.5705354004462441
68,-0.6687975063121612
69,-0.777730791972021
70,-0.6480537062641972
71,-0.19375582157179272
72,-0.3697616997553898
73,-0.2657360848147069
74,-0.4380661445509236
75,-0.2960479561959747
76,-0.4153100425287637
77,-0.7358757147255275
78,-0.610338858417999
79,-0.5153493965768092
80,-0.35760217702010566
81,-0.39449890330305576
82,-0.3894900796242072
83,-0.08288622116320861
84,0.16703719068310555
85,0.20690270810777484
86,0.3076696147967043
87,0.5314493394393907
88,0.7553238856292124
89,0.19364691644651125
90,0.0882554057110737
91,0.3181382278593849
92,-0.04477986409404933
93,0.09557636628701184
94,-0.480571611988124
95,-0.6600785193663313
96,-0.6066880881347306
97,-0.4258553135040445
98,-0.7054058973678634
99,-1.1692838203531344
100,-1.2021671898282975
101,-1.38422828208775
102,-0.8687853362856991
103,-1.149672510457243
104,-1.0255275447937733
105,-1.0654041373609222
106,-0.7026900205722092
107,-0.8253459837890689
108,-0.5361856548311785
109,-0.3659422570957602
110,-0.3446422944847473
111,-0.32385223272893515
112,-0.4998829925463256
113,-0.3611416399201904
114,-0.08580969091938088
115,-0.28909208899005767
116,-0.33704937666162904
117,-0.25284220425455567
118,-0.069228316031442
119,-0.0852167132424046
120,-0.31671923274847524
121,-0.12805767893092498
122,-0.398601726926986
123,-0.6796394250633214
124,-1.0568205947788063
125,-0.8371873680425611
126,-0.5837423903489275
127,-0.8766056126481139
128,-0.7034092693788301
129,0.12288407651746468
130,0.26385668019456027
131,0.25418078016364676
132,0.495145122768588
133,0.08530607432603028
134,-0.17544512371635715
135,1.185311706381453
136,-0.03381101912895631
137,0.4755937420454183
138,0.7061011296945962
139,0.3154226589182705
140,0.26281496824810763
141,0.39547473315196496
142,0.475243507635702
143,0.9210699642723108
144,1.5873252585317348
145,1.1252326158079846
146,1.3475263175320071
147,1.3360899332896805
148,1.421922216683838
149,1.3513135896315136
150,1.478049734584327
151,0.9620566383321212
152,0.113798319320717
153,-0.32787242561192853
154,-0.2300564129179455
155,-0.3436148204955011
156,-0.2765525902983291
157,-0.5286455740798882
158,-0.25563906228886524
159,-0.7884895319750775
160,-0.9069498711114532
161,-1.049164189143427
162,-1.0912185917859762
163,-0.8450824076829107
164,-0.6836122738150553
165,-1.1562595887157356
166,-1.33490116446089
167,-1.217150661299614
168,-1.1976151285042398
169,-0.8168258431226473
170,-0.5955313988530495
171,-0.4766461673195742
172,0.08760558539393055
173,-0.02868864995977718
174,-0.2989847368145114
175,0.1870475190299061
176,-0.4783659913052049
177,-0.7742201762953324
178,-0.82078044059601
179,-0.8867596450993475
180,-1.181019919568443
181,-1.468625554890772
182,-1.1255352900813649
183,-1.1868069371280234
184,-0.32302278713529026
185,0.6206178514934466
186,0.05803903290231171
187,0.5076838175760877
188,-0.4042836197877147
189,0.7406392747079019
190,0.2209617189599034
191,-0.09847027899058816
192,-0.3234806340915598
193,-0.5798660517236879
194,-0.6878709376235834
195,-0.7460937104881582
196,-0.8313938462303697
197,-0.7886008368629277
198,-0.6124149024789636
199,-0.35358038695037985
200,-0.3840792060309324
201,-0.796176944848257
202,-0.9450052714156728
203,-0.5866329792584586
204,-0.6619742326198303
205,-0.8494257981934739
206,-0.3522603302970463
207,-0.2372651647329813
208,-0.38368857359649416
209,-0.3302383046178751
210,-0.00190483244452842
211,-0.02299525352646607
212,-0.02508627612125937
213,-0.01630249686591764
214,0.2934058769545923
215,-0.04258756016723756
216,-0.4292050333217118
217,-0.07347377857860887
218,-0.49544381294517337
219,-0.8093963833839973
220,-1.1403177896844197
221,-0.7462076928433979
222,-0.48406977534271334
223,-0.8053196971782224
224,-0.22334488047174425
225,-0.5774037009208839
226,-0.5723687977533224
227,-0.5315509257484909
228,-0.08634530518257229
229,-0.3886304149251139
230,-0.3856078959945842
231,-0.6167838661191947
232,-0.45508133714870735
233,-0.4653458406353609
234,-0.4265692572779984
235,-0.4314877340801776
236,-0.10366935458394176
237,0.05284056074987341
238,-0.02917630644118708
239,0.00638254498452238
240,0.4679336020524146
241,0.5603165187540633
242,1.2740291319427288
246,1.4292020945896675
247,1.1572233749938965
248,1.8438696365968703
249,2.0118289736406885
