"mcsa_id","pdb_chain","site","pdb_site","lrmsd","lrmsf","lcn","lbfactor","dactive","lrmsd.fit1","lrmsd.fit2","lrmsd.fit12","lrmsd.fit12.c0","lrmsd.fit12.c1","lrmsd.fit12.c2"
362,"1d6o_A",1,1,0.651487104675339,-0.920721150127144,-2.89037175789616,3.20842136696434,11.3584016921396,-0.378335071127872,-0.187404524305492,-0.170788258983659,-2.07248241922897,0.583380106301785,1.31831405394352
362,"1d6o_A",2,2,-0.157533650251177,-1.19513836822853,-3.25809653802148,3.21245525706528,10.4165177002682,-0.674128020755131,-0.274579005872567,-0.567251036342673,-2.07248241922897,0.273229267751301,1.23200211513499
362,"1d6o_A",3,3,-0.329805222358973,-1.08295246138656,-2.89037175789616,3.44137917129499,10.3200886624098,-0.55320828711292,-0.283441333094504,-0.449337335460453,-2.07248241922897,0.399979469547372,1.22316561422114
362,"1d6o_A",4,4,-0.0673737121695153,-1.20364769124298,-3.2188758248682,3.2561716096119,9.51684259615551,-0.6832996390002,-0.356787146446478,-0.659307125172173,-2.07248241922897,0.263616833003137,1.14955846105366
362,"1d6o_A",5,5,-0.525555674845384,-1.06587750532255,-2.99573227355399,3.32251485962769,10.2959722221848,-0.534803520220307,-0.28565588465953,-0.432250997259034,-2.07248241922897,0.419275773612465,1.22095564835747
362,"1d6o_A",6,6,-0.574926545734733,-0.917817859278555,-2.83321334405622,3.0777729838902,11.7212923348921,-0.375205380026247,-0.153534968577284,-0.134250234505712,-2.07248241922897,0.586663650343161,1.35156853438009
362,"1d6o_A",7,7,-0.278211231251812,-0.865871332577692,-2.70805020110221,3.24415363205247,11.5019933489809,-0.319207173083068,-0.174020883375625,-0.0955889033681624,-2.07248241922897,0.645421049907802,1.331472465953
362,"1d6o_A",8,8,-0.256009572812619,-0.81684569400389,-2.63905732961526,3.29472513715164,13.8042130163222,-0.266356459941173,0.044025286129107,0.170845136205272,-2.07248241922897,0.700884473220524,1.54244308221371
362,"1d6o_A",9,9,-0.109600148061361,-0.805502946345651,-2.83321334405622,3.19948911106801,15.679618809142,-0.254128603150987,0.228537363056027,0.355537123802161,-2.07248241922897,0.713717644266187,1.71430189876494
362,"1d6o_A",10,10,-0.391577035556713,-0.95698276215094,-3.04452243772342,2.80578168959555,15.2813283781221,-0.41742388815026,0.188691555572232,0.147694299374795,-2.07248241922897,0.542373479527635,1.67780323907613
362,"1d6o_A",11,11,0.564639587479662,-0.739607692922985,-2.56494935746154,3.01258939062041,18.6265987501744,-0.183090740250881,0.53141147489854,0.700151140063105,-2.07248241922897,0.788275214535063,1.98435834475701
362,"1d6o_A",12,12,0.963420319738963,-0.697566944990053,-2.56494935746154,3.03495298670727,19.5692679474732,-0.137768675433091,0.629966382468259,0.834104328948759,-2.07248241922897,0.83584381297103,2.07074293520669
362,"1d6o_A",13,13,0.83258498080943,-0.505900717300341,-2.39789527279837,3.1315734964654,21.1992777235452,0.0688584720565701,0.801101256427943,1.20032299216296,-2.07248241922897,1.05269128448646,2.22011412690548
362,"1d6o_A",14,14,0.621470221990991,-0.923377929892412,-2.83321334405622,3.02529107579554,19.1304371617587,-0.381199023146794,0.584031789280309,0.538422223649495,-2.07248241922897,0.580375401932755,2.03052924094571
362,"1d6o_A",15,15,0.0460182522892255,-1.10639777444582,-3.09104245335832,3.01012815383772,17.6159714463892,-0.578479290359916,0.426369430140451,0.192750028371445,-2.07248241922897,0.373486328295532,1.89174611930488
362,"1d6o_A",16,16,0.1085894726591,-1.20574001552424,-3.29583686600433,2.98669152890184,15.9530652540507,-0.685554810253239,0.256089164990219,-0.0718690506905996,-2.07248241922897,0.261253291441756,1.73936007709661
362,"1d6o_A",17,17,0.190230504861392,-0.928806507271348,-2.83321334405622,3.31636544614546,16.6297597396956,-0.387050899075063,0.324875384851726,0.303124882000112,-2.07248241922897,0.574236041052595,1.80137126017648
362,"1d6o_A",18,18,0.160420053114132,-0.829652448684305,-2.63905732961526,3.46792101370506,14.9873436605691,-0.280162513807726,0.159515163135716,0.264775869584347,-2.07248241922897,0.686395297449619,1.65086299136369
362,"1d6o_A",19,19,0.00159651648338683,-0.81112820257421,-2.63905732961526,3.23356737361119,15.8520556711109,-0.260192820213985,0.245894057092982,0.36497450728588,-2.07248241922897,0.707353200746319,1.73010372576853
362,"1d6o_A",20,20,-0.267741018170336,-0.974835568967501,-2.94443897916644,3.13505933877509,16.1831683548062,-0.436668279973548,0.279387483713366,0.210151455244374,-2.07248241922897,0.522187526260075,1.76044634821326
362,"1d6o_A",21,21,-0.43687559819028,-1.02024634997018,-2.94443897916644,2.98011089265103,15.148032116417,-0.485617766624488,0.17543710297731,0.0639563139340722,-2.07248241922897,0.470850532972229,1.66558820019081
362,"1d6o_A",22,22,-0.33259983166139,-1.12338972533739,-3.29583686600433,2.63044895507866,11.9162365703271,-0.596794237928989,-0.135278475679497,-0.348762601908488,-2.07248241922897,0.354287021209844,1.36943279611063
362,"1d6o_A",23,23,-0.574126205543568,-1.14749002876703,-3.17805383034795,2.58399755243223,10.0073680855658,-0.622770781269312,-0.312098783087483,-0.550915723961907,-2.07248241922897,0.327057933690473,1.19450876157659
362,"1d6o_A",24,24,-1.01224448556105,-0.99582211650559,-3.25809653802148,2.78253905309295,6.35413550374872,-0.459290403336509,-0.63530971777267,-0.714280073053612,-2.07248241922897,0.498460717807957,0.859741628367397
362,"1d6o_A",25,25,-0.963585041545602,-1.08799488451999,-3.2188758248682,2.87863650167774,3.80832154629832,-0.558643388356173,-0.842916123514969,-1.05174022391473,-2.07248241922897,0.394281327379908,0.626460867934329
362,"1d6o_A",26,26,-0.939287583315849,-0.826424938355733,-3.25809653802148,2.83673654206353,0,-0.276683169280685,-1.13272546606175,-1.10493559486881,-2.07248241922897,0.69004676467861,0.277500059681542
362,"1d6o_A",27,27,-0.999518325770683,-0.91843326583454,-3.13549421592915,2.69327491552006,3.7960418859649,-0.375868776797311,-0.843883005024425,-0.861179123472842,-2.07248241922897,0.585967638052525,0.625335657703599
362,"1d6o_A",28,28,-1.0316668114614,-0.929328348782323,-3.13549421592915,2.87073578337931,4.54515137261676,-0.387613430611664,-0.784351228842262,-0.80485825723845,-2.07248241922897,0.573645882130778,0.693978279859738
362,"1d6o_A",29,29,-1.05581106691703,-0.967521061877309,-3.09104245335832,3.26193531432865,5.55435234748391,-0.428783650685945,-0.702206582452685,-0.75557029894792,-2.07248241922897,0.530457717639056,0.78645440264199
362,"1d6o_A",30,30,-1.04686901897151,-1.03780556281454,-3.04452243772342,3.46854445512177,7.12051578187985,-0.504544960245405,-0.569678494970744,-0.691510913444629,-2.07248241922897,0.451002884013663,0.929968621770673
362,"1d6o_A",31,31,-0.363688413370773,-0.820328131384089,-2.77258872223978,3.74879794432518,10.1186128001817,-0.27011063428282,-0.301919111635558,-0.170834996712862,-2.07248241922897,0.696944507122364,1.20470291539374
362,"1d6o_A",32,32,0.220797824338362,-0.366932777870555,-2.39789527279837,3.88280014675124,11.1833582165645,0.218674090962792,-0.20368694237899,0.439679420175054,-2.07248241922897,1.20988836288949,1.30227347651453
362,"1d6o_A",33,33,-0.409286901227314,-0.470473072165339,-2.484906649788,3.75396470076987,9.33469860252596,0.107051539102052,-0.373296923643828,0.153152862689507,-2.07248241922897,1.09276791970622,1.13286736221226
362,"1d6o_A",34,34,-0.443494400131955,-0.427629602528227,-2.56494935746154,3.76676599277101,6.46742645880106,0.153239315647353,-0.62569820888862,-0.0611276719076184,-2.07248241922897,1.14123177740877,0.870122969912574
362,"1d6o_A",35,35,-0.547113589602682,-0.684665381032904,-2.77258872223978,3.53921867955953,3.81757789704414,-0.123860093539696,-0.842187103302732,-0.594731631486621,-2.07248241922897,0.850441741511317,0.627309046231028
362,"1d6o_A",36,36,-0.581030480182871,-0.621002816485113,-2.77258872223978,3.2861605716738,0,-0.0552282521424782,-1.13272546606175,-0.872509218518204,-2.07248241922897,0.92247314102922,0.277500059681542
362,"1d6o_A",37,37,-0.567300035960612,-0.508952305695902,-2.83321334405622,3.16039889510922,0,0.0655686823592949,-1.13272546606175,-0.745743176845023,-2.07248241922897,1.0492391827024,0.277500059681542
362,"1d6o_A",38,38,-0.848843336892892,-0.736101890970347,-2.99573227355399,3.1027913458474,3.79509222549334,-0.179311316294273,-0.843957767902526,-0.654991806349664,-2.07248241922897,0.792241974490348,0.625248638388954
362,"1d6o_A",39,39,-0.643006107056039,-0.866699736761696,-2.83321334405622,3.00568260440716,5.65655177648008,-0.320100201966831,-0.693751211996364,-0.632179188163741,-2.07248241922897,0.644483935221179,0.795819295844045
362,"1d6o_A",40,40,-0.305435710531779,-0.795592078650955,-2.89037175789616,3.31090791031469,6.54677859714226,-0.243444329542955,-0.61894673711657,-0.47015705876676,-2.07248241922897,0.724931002322351,0.877394358139854
362,"1d6o_A",41,41,0.205423582925371,-0.48939617929458,-2.484906649788,3.61253822085721,8.36839225897065,0.0866513248633324,-0.460069201296022,0.0431978783430815,-2.07248241922897,1.07136180751175,1.0443184900603
362,"1d6o_A",42,42,0.286088002247791,-0.441021197052279,-2.39789527279837,3.59016348117478,9.58855015109167,0.138802387797006,-0.350274836778826,0.209730701998221,-2.07248241922897,1.12608360125561,1.15612951997158
362,"1d6o_A",43,43,0.525866818642887,-0.464420626755763,-2.39789527279837,3.53921867955953,10.4772351791873,0.113576429390993,-0.268992638101019,0.264698145279567,-2.07248241922897,1.0996144587413,1.23756610576724
362,"1d6o_A",44,44,0.416773868967655,-0.484115089671862,-2.63905732961526,3.24571247882176,10.0305908599643,0.0923446474365169,-0.309975088451042,0.201490309565389,-2.07248241922897,1.07733589779127,1.19663683100309
362,"1d6o_A",45,45,-0.52490456976231,-0.845301349174953,-2.99573227355399,2.97960289162411,8.02043770626018,-0.297032400575684,-0.490938080057155,-0.391357840316245,-2.07248241922897,0.668691232886171,1.01243334602655
362,"1d6o_A",46,46,-0.3541478579869,-0.769373536159839,-3.04452243772342,2.87186828633161,7.90627023317569,-0.21517967932126,-0.501017835141179,-0.315914976491581,-2.07248241922897,0.754595919596147,1.00197152314124
362,"1d6o_A",47,47,-0.431444512677467,-0.922909289467094,-3.04452243772342,2.8501282996952,10.7910954494898,-0.380693839091412,-0.240041321088021,-0.225249545115596,-2.07248241922897,0.580905411263952,1.26632746284942
362,"1d6o_A",48,48,-0.192059236323899,-0.838448224318535,-3.04452243772342,2.83380140640777,10.9507817072573,-0.289644580986695,-0.225264407512226,-0.115077415421113,-2.07248241922897,0.676444283839154,1.2809607199687
362,"1d6o_A",49,49,-0.269113704527172,-1.01194841069557,-3.04452243772342,2.9590682891824,12.0543902790643,-0.476673296402235,-0.122314857642638,-0.210159016967565,-2.07248241922897,0.480230499750762,1.38209290251064
362,"1d6o_A",50,50,-0.418077231736385,-1.09576522987199,-3.17805383034795,3.21124679770371,10.8176208567319,-0.567018822618641,-0.237588908450328,-0.418223475766651,-2.07248241922897,0.385500757972476,1.26875818548984
362,"1d6o_A",51,51,0.0539733768517978,-0.907361759726132,-2.94443897916644,3.44617074730489,10.6958258213193,-0.363933862584684,-0.248842300095854,-0.216395621100212,-2.07248241922897,0.598489605913311,1.25759719221544
362,"1d6o_A",52,52,0.857145778656626,-0.731611880091377,-2.70805020110221,3.43334183498872,10.4161521686273,-0.174470864950353,-0.274612622674962,-0.0431914422850483,-2.07248241922897,0.797322358165543,1.23196861877837
362,"1d6o_A",53,53,0.275896168610529,-0.684256333424482,-2.56494935746154,3.37553763488158,6.89519086030256,-0.123419117905321,-0.589120357245035,-0.31225685610358,-2.07248241922897,0.850904571713692,0.909320991411694
362,"1d6o_A",54,54,-0.0373851712822577,-0.613990016653158,-2.56494935746154,3.16505301817069,7.0864084697398,-0.0476680490603877,-0.572628852659255,-0.215231707955057,-2.07248241922897,0.930407513243167,0.926843198030742
362,"1d6o_A",55,55,-0.68399694231127,-0.719259274239605,-2.89037175789616,2.61666563930036,3.82192804746505,-0.161154137426331,-0.841844433804612,-0.633475575869934,-2.07248241922897,0.81129918395298,0.627707659406051
362,"1d6o_A",56,56,-1.04974131663542,-0.742350380748317,-2.89037175789616,2.76127496233951,0,-0.186047489020419,-1.13272546606175,-1.00981044956202,-2.07248241922897,0.785171909985399,0.277500059681542
362,"1d6o_A",57,57,-1.10702272146286,-1.00631915842115,-3.13549421592915,2.88870370079547,3.79986118167493,-0.47060541838441,-0.84358231024549,-0.960202783596534,-2.07248241922897,0.486594008112362,0.62568562752007
362,"1d6o_A",58,58,-0.959893548221888,-1.11101475060855,-3.29583686600433,2.80517691183293,5.49954079901222,-0.583455758648754,-0.706730518552403,-0.922781132041083,-2.07248241922897,0.368269455391275,0.781431831796607
362,"1d6o_A",59,59,-1.24060111560359,-1.11165123946705,-3.29583686600433,2.83026783382646,5.55394094315019,-0.584141805702833,-0.702240566263072,-0.918515441832048,-2.07248241922897,0.367550273160816,0.786416704236101
362,"1d6o_A",60,60,-1.18836531304741,-1.08732053222859,-3.17805383034795,3.09783749649114,6.63614240353535,-0.557916521729095,-0.611324703725292,-0.791855886124397,-2.07248241922897,0.395043365749657,0.885583167354912
362,"1d6o_A",61,61,-0.775901629207843,-1.1788571370807,-3.09104245335832,2.97501923195645,8.93283269741464,-0.656579547423244,-0.409556487914166,-0.684819113625729,-2.07248241922897,0.291621585061106,1.09604172054213
362,"1d6o_A",62,62,-0.332352468260186,-1.17778231054291,-3.2188758248682,2.77008559202166,9.99575539916819,-0.655421059880395,-0.31316048068627,-0.586202010360123,-2.07248241922897,0.292835800955202,1.19344460791364
362,"1d6o_A",63,63,-0.196808050213592,-1.21761840732187,-3.3322045101752,2.73371794785079,10.8139982430182,-0.698357690367269,-0.237923889304358,-0.556220884010498,-2.07248241922897,0.247835317094836,1.26842621812363
362,"1d6o_A",64,64,1.06126588657364,-1.18205224797897,-3.09104245335832,2.8320361808832,12.655242747573,-0.660023353544567,-0.0656808835070218,-0.347316537023247,-2.07248241922897,0.28801213258771,1.43715374961801
362,"1d6o_A",65,65,0.310084438687161,-1.20117741561076,-3.04452243772342,2.83907846350861,14.3150643030341,-0.680637099100405,0.0935360429867542,-0.216818562690177,-2.07248241922897,0.266407328982236,1.58925652755655
362,"1d6o_A",66,66,-0.123386299690152,-1.14887612403159,-3.29583686600433,2.79177841663292,13.2835647700457,-0.624264778966749,-0.00594580732867684,-0.252258565377201,-2.07248241922897,0.325491955207542,1.49473189864422
362,"1d6o_A",67,67,-0.010518738238611,-1.2096871252063,-3.13549421592915,2.75747508442973,15.1246696823435,-0.689809123861747,0.173118395780505,-0.152240550948453,-2.07248241922897,0.256794560885195,1.66344730739532
362,"1d6o_A",68,68,-0.120429255895591,-1.20309677954537,-3.2188758248682,2.69934576047206,14.2514994649686,-0.682705849343721,0.087347558465137,-0.22481169713363,-2.07248241922897,0.264239157993279,1.58343156410206
362,"1d6o_A",69,69,-0.371824459047268,-1.16553972632009,-3.13549421592915,2.74019465442878,12.9744439187196,-0.642225529473306,-0.035406178983027,-0.299411437018167,-2.07248241922897,0.306666294599214,1.46640468761158
362,"1d6o_A",70,70,-0.871800930628206,-1.18565099840058,-3.25809653802148,2.41412646772695,11.8474429730639,-0.663902213772083,-0.14172583617624,-0.425406990389025,-2.07248241922897,0.283946727726728,1.36312870111321
362,"1d6o_A",71,71,-0.681871812797264,-1.25515357917464,-3.25809653802148,2.97348666460667,9.23104073222517,-0.738814087306227,-0.382671837438164,-0.743677503387421,-2.07248241922897,0.20543642314207,1.12336849269947
362,"1d6o_A",72,72,-0.567938707465456,-1.19826603715977,-3.29583686600433,3.05447276857659,7.96457563213508,-0.677499123283653,-0.495873191863462,-0.79547191431523,-2.07248241922897,0.269696123710977,1.00731438120276
362,"1d6o_A",73,73,-0.885168231878851,-1.24518905076302,-3.2188758248682,3.14328983791161,5.48644930715668,-0.728074067660404,-0.707809929068059,-1.07555821648546,-2.07248241922897,0.216691988980377,0.780232213763129
362,"1d6o_A",74,74,-0.627458364540013,-1.22954423128416,-3.36729582998647,2.86676189225703,5.03583796403339,-0.711211672863419,-0.744708558461377,-1.09917717045334,-2.07248241922897,0.234363991665815,0.738941257109811
362,"1d6o_A",75,75,-0.853674054546107,-1.24917465293091,-3.25809653802148,2.88591740754678,6.57575858741788,-0.732369850657956,-0.616477133210146,-0.980242504763464,-2.07248241922897,0.212189989783001,0.8800499246825
362,"1d6o_A",76,76,-1.18410537622327,-1.17569482518893,-3.29583686600433,2.91289399524499,8.12536799166659,-0.653171090544308,-0.481652286542964,-0.755239686037111,-2.07248241922897,0.295194011568634,1.02204872162322
362,"1d6o_A",77,77,-0.974870117519018,-1.12522979415464,-3.04452243772342,3.06572464537403,8.84425723280367,-0.598777566969494,-0.417516719038561,-0.632349452184255,-2.07248241922897,0.352207989418058,1.08792497762665
362,"1d6o_A",78,78,-0.994988900075553,-1.08226998847415,-3.17805383034795,3.08007342198774,5.62606683216615,-0.552472665676674,-0.696276125207163,-0.878705866258413,-2.07248241922897,0.400750700880192,0.793025852090361
362,"1d6o_A",79,79,-0.914700299261411,-0.943897819188803,-2.94443897916644,2.92530980925744,6.67520396692116,-0.403318861569454,-0.607986893346325,-0.626150151432835,-2.07248241922897,0.557169710494653,0.889162557301478
362,"1d6o_A",80,80,-0.905620121816362,-1.02278801759818,-3.13549421592915,2.82375700881418,6.47398470804496,-0.488357458839073,-0.625140816073838,-0.733780973246208,-2.07248241922897,0.467977514855049,0.870723931127709
362,"1d6o_A",81,81,-1.05023778117224,-1.03493789650463,-3.29583686600433,2.68648602318637,3.84449489530159,-0.501453896107932,-0.840066221480279,-0.988462741941975,-2.07248241922897,0.454244171279442,0.629775506007548
362,"1d6o_A",82,82,-0.915602475570934,-0.889250722018491,-3.17805383034795,2.72063731660768,0,-0.34441027824392,-1.13272546606175,-1.17600763646622,-2.07248241922897,0.618974723081202,0.277500059681542
362,"1d6o_A",83,83,-0.766834872645641,-0.8261204375044,-2.89037175789616,2.69867303928961,3.79948588627461,-0.276354908828874,-0.843611858638553,-0.756439915397886,-2.07248241922897,0.69039126539057,0.62565123844051
362,"1d6o_A",84,84,-0.36715925684291,-0.706772937889837,-2.63905732961526,2.9263821954192,6.80872866253312,-0.147693222260639,-0.59654930736189,-0.345657031706603,-2.07248241922897,0.825427339657172,0.901398047865191
362,"1d6o_A",85,85,-0.152266789664365,-0.553659642813845,-2.70805020110221,2.88535921607262,6.72485665274732,0.0173715807660614,-0.603738712763776,-0.180107239214009,-2.07248241922897,0.99866271756641,0.893712462448547
362,"1d6o_A",86,86,-0.0870493399662987,-0.765949115298157,-2.89037175789616,2.57031952763613,4.47351360789257,-0.211488004840931,-0.790094365628363,-0.626597959644992,-2.07248241922897,0.758470530840651,0.687413928743323
362,"1d6o_A",87,87,-0.0470257800764518,-0.428360575769772,-2.70805020110221,2.85647020622048,6.80209225165316,0.152451283372956,-0.597118785283792,-0.0312875708789013,-2.07248241922897,1.14040492616952,0.900789922180549
362,"1d6o_A",88,88,0.895718391171622,-0.334877419438172,-2.30258509299405,2.95178038602481,10.2085294729457,0.253231677428436,-0.293679203359104,0.38660656621429,-2.07248241922897,1.24614635367023,1.21294263177302
362,"1d6o_A",89,89,0.50241077562386,-0.111888582249891,-2.19722457733622,2.96938829821439,10.3887988237332,0.493626916351104,-0.277127738295876,0.65533663437161,-2.07248241922897,1.49835702312028,1.2294620304803
362,"1d6o_A",90,90,-0.00136753456399024,-0.283918536575106,-2.484906649788,3.17387845893747,6.93108736058059,0.308168393587964,-0.58603091939271,0.143912875110081,-2.07248241922897,1.30378493331659,0.91261036102246
362,"1d6o_A",91,91,-0.751829082560482,-0.728537423182826,-3.09104245335832,3.11129061418826,7.64629884323128,-0.171156448393501,-0.523875968370348,-0.293532464424099,-2.07248241922897,0.800801066240255,0.978148888564612
362,"1d6o_A",92,92,-0.56959978957774,-0.780592201473737,-2.89037175789616,3.21326008608257,8.70468339458708,-0.227273872636434,-0.430035605645183,-0.255445006809362,-2.07248241922897,0.741902477132412,1.07513493528719
362,"1d6o_A",93,93,-0.417634895646493,-0.84635174593983,-2.83321334405622,3.19540246868256,7.75012793442792,-0.29816474971232,-0.514762795981391,-0.417316180874468,-2.07248241922897,0.667502915477232,0.987663322877266
362,"1d6o_A",94,94,-0.573161231726295,-0.98681758340117,-2.89037175789616,3.26804686887465,7.50763917619913,-0.449584142464736,-0.536012016792424,-0.5983989912794,-2.07248241922897,0.508640677643009,0.965442750306557
362,"1d6o_A",95,95,-0.992017110363137,-1.07041474461883,-3.17805383034795,3.02042488614436,7.39655629330298,-0.539694138629254,-0.545705509710919,-0.70307065679606,-2.07248241922897,0.414148127745526,0.955263634687379
362,"1d6o_A",96,96,-1.12308561001234,-1.23018114747613,-3.25809653802148,2.95438931001961,8.9132347102497,-0.711898158225824,-0.411318771215833,-0.744592048246247,-2.07248241922897,0.233644541289007,1.09424582969371
362,"1d6o_A",97,97,-1.23046254210432,-1.16780484668141,-3.40119738166216,2.91560622907471,6.66244354572705,-0.644666967082836,-0.60907768101282,-0.880381810558756,-2.07248241922897,0.304107347366654,0.887993261303555
362,"1d6o_A",98,98,-1.25877627012567,-1.21928049892426,-3.36729582998647,3.00963517872298,3.80409634473156,-0.700149139776269,-0.843248841680747,-1.20045089754514,-2.07248241922897,0.245957817566884,0.626073704116944
362,"1d6o_A",99,99,-1.19395087149788,-1.1270155354068,-3.46573590279973,2.94706710157271,0,-0.600702337315254,-1.13272546606175,-1.44479200598006,-2.07248241922897,0.350190353567363,0.277500059681542
362,"1d6o_A",100,100,-0.888688061689739,-1.19062290204764,-3.17805383034795,2.89591193827178,3.79691598537549,-0.669261101736257,-0.843814189247339,-1.16873650292628,-2.07248241922897,0.278330163097135,0.625415753205548
362,"1d6o_A",101,101,-0.992945702551097,-1.20128714165119,-3.46573590279973,2.65464942437509,4.34435012401165,-0.680755365264899,-0.800421693114506,-1.13062068087686,-2.07248241922897,0.266283378959367,0.675578359392743
362,"1d6o_A",102,102,-1.39675491042104,-1.27138670138116,-3.40119738166216,2.72326716690707,6.32567577417623,-0.756310549031008,-0.637719061253376,-1.02824847131626,-2.07248241922897,0.187100205958067,0.857133741954635
362,"1d6o_A",103,103,-0.993561769184765,-1.2463307086416,-3.3322045101752,2.59972232421658,8.80882273632521,-0.729304575546198,-0.420697843901569,-0.772402122086192,-2.07248241922897,0.215402410113567,1.08467788702921
362,"1d6o_A",104,104,-0.705167574815543,-1.12868407915153,-2.99573227355399,2.96424160646262,10.5105107392553,-0.602500784490331,-0.265929095592567,-0.483561881805612,-2.07248241922897,0.348305145864659,1.24061539155869
362,"1d6o_A",105,105,-0.201175164529109,-1.11110593000084,-3.09104245335832,2.87807423008576,13.4623630169447,-0.583554037448453,0.011163117829352,-0.193199374473331,-2.07248241922897,0.368166429757071,1.51111661499856
362,"1d6o_A",106,106,-0.236641381611632,-1.06829377785183,-3.09104245335832,3.17052556392715,15.2767012800539,-0.537407983532664,0.188230754164079,0.0214418723766963,-2.07248241922897,0.416545071834656,1.67737921977101
362,"1d6o_A",107,107,2.67938102187464,-0.742166950999842,-2.56494935746154,3.53105536892037,17.4941274718118,-0.185849743006103,0.413765233678758,0.593477571842632,-2.07248241922897,0.785379457510713,1.88058053356088
