mcsa_id,pdb_chain,site,pdb_site,lrmsd,lrmsf,lcn,lbfactor,dactive,lrmsd.fit1,lrmsd.fit2,lrmsd.fit12,lrmsd.fit12.c0,lrmsd.fit12.c1,lrmsd.fit12.c2
15,1znb_A,1,20,1.6474967337765318,0.1373458696918746,-2.1972245773362196,3.940221659786825,17.345438074606243,1.3030801302676436,0.2066812541570789,1.3871015573780912,-1.97630248880719,2.3186617599357913,1.0447422862494895
15,1znb_A,2,21,1.681177968318029,-0.5394893330185907,-2.70805020110221,3.785098311854479,15.598428574699438,0.624073004926408,0.08231906948539132,0.634425442678248,-1.97630248880719,1.6357003491278568,0.9750275823575812
15,1znb_A,3,22,1.228681463523097,-0.44226382353177346,-2.5649493574615367,3.6214032889890224,17.82982293798791,0.7235825970416725,0.2411584735892553,0.8291268524873256,-1.97630248880719,1.7420228170391838,1.063406524255332
15,1znb_A,4,23,1.2952627228125524,-0.7600031426227835,-2.70805020110221,3.6117283949255214,17.09526650859822,0.3666267393374382,0.18887408013584256,0.4369589171505322,-1.97630248880719,1.3782604926170616,1.0350009133406608
15,1znb_A,5,24,1.9473452202547636,-0.8254864822560429,-2.833213344056216,3.586292865338835,18.129718006632096,0.27489605770612785,0.26250345102882044,0.3949767092166288,-1.97630248880719,1.296437472403783,1.074841725620036
15,1znb_A,6,25,1.6862970874769698,-0.8232387929149376,-2.639057329615259,3.720378121173307,17.56022727643353,0.2781938168478764,0.2219695678628008,0.3760351886792398,-1.97630248880719,1.2992881955049165,1.0530494819815135
15,1znb_A,7,26,1.3425479704343506,-0.9388199143162956,-2.890371757896165,3.707455839686871,14.574131500710427,0.09333304242309276,0.00939113318923776,0.10482941681873788,-1.97630248880719,1.1490665851584312,0.9320653204674968
15,1znb_A,8,27,0.1629994343972845,-0.9852288248571772,-2.9444389791664407,3.541249137109912,14.074104909371684,0.00954710763882937,-0.0262132697202841,0.02099247096575365,-1.97630248880719,1.0867960007982005,0.9104989589747434
15,1znb_A,9,28,-0.4375107024547434,-1.1177201338066625,-3.218875824868201,3.0516399054922867,13.101165825986634,-0.26425285493948353,-0.09549775507962324,-0.20523635297877113,-1.97630248880719,0.9036341497714308,0.8674319860569883
15,1znb_A,10,29,-0.45590818490341833,-0.994656260043913,-3.0910424533583156,2.934388643312939,13.352711709611649,-0.008201627485525,-0.07758399810369988,-0.0235772928977626,-1.97630248880719,1.0740196007054337,0.8787055952039938
15,1znb_A,11,30,-0.17772828093786405,-1.081177733154086,-3.218875824868201,2.983659692319722,13.709121963130968,-0.18335919247651555,-0.05220329619743903,-0.12689785354952587,-1.97630248880719,0.9548913635941264,0.8945132716635377
15,1znb_A,12,31,-0.13037586705559462,-0.9710794723153704,-2.9444389791664407,3.0140632302387145,14.252437896724894,0.03571684720576018,-0.01351480797482717,0.0478249634893137,-1.97630248880719,1.105892501836388,0.918234950460116
15,1znb_A,13,32,-0.37632265809089627,-0.995975558891031,-2.890371757896165,2.995732273553991,16.828271361016252,-0.01070558605562347,0.16986890042202546,0.12044809900375508,-1.97630248880719,1.072228311381065,1.0245222764298805
15,1znb_A,14,33,-0.18015974432389764,-1.0573327678276736,-3.0910424533583156,2.9444389791664403,16.587684527986415,-0.13280746498391352,0.1527430420896415,0.02674881207635976,-1.97630248880719,0.9880477008450882,1.0150036000384617
15,1znb_A,15,34,-0.00209665687293892,-0.9169840323681336,-2.70805020110221,3.013572191682322,19.95879605587471,0.13076861515548213,0.3926776222683007,0.3447000515565068,-1.97630248880719,1.1779937892162426,1.143008751147454
15,1znb_A,16,35,0.18272902446080677,-0.6902627173443615,-2.3978952727983707,3.2296179214001026,22.740111367361415,0.4553235073823421,0.5905994170915377,0.7296048079075541,-1.97630248880719,1.462531782916211,1.2433755137985332
15,1znb_A,17,36,0.07609752840870708,-1.054778942780264,-3.1354942159291497,3.0426158594528414,21.404584462212757,-0.1274987807591259,0.4955641866023914,0.2108102043955387,-1.97630248880719,0.9915845642627724,1.1955281289399562
15,1znb_A,18,37,-0.2689969366474619,-1.122260066408159,-3.0910424533583156,2.8160073426073025,17.605448304431214,-0.2745728792122323,0.22518828056154447,-0.02427947837383854,-1.97630248880719,0.8972309557184444,1.0547920547149072
15,1znb_A,19,38,-0.37835241429114613,-1.1865367697501823,-3.218875824868201,2.6518325211039815,15.117978171700072,-0.42613544785786206,0.04811316112154622,-0.21537632587896788,-1.97630248880719,0.8058457266300693,0.9550804362981528
15,1znb_A,20,39,-0.5048171534731621,-1.2998814703450126,-3.367295829986474,2.532902848056256,11.389521192745544,-0.7107120908356541,-0.21740598289070975,-0.5459147081560642,-1.97630248880719,0.6422083168121643,0.7881794638389614
15,1znb_A,21,40,-0.30962534232883626,-1.306843458699554,-3.49650756146648,2.5733752977756086,10.34412495090812,-0.7285959517684785,-0.29187309215081464,-0.6065003787269904,-1.97630248880719,0.6320883867519905,0.7377137233282093
15,1znb_A,22,41,-0.5001328906942257,-1.2584326329732956,-3.4011973816621555,2.725890119230541,8.113804348146433,-0.6049124992575481,-0.4507650273260154,-0.6477552327786066,-1.97630248880719,0.7023258703026856,0.6262213857258979
15,1znb_A,23,42,-0.7568905514776562,-1.2485745139793405,-3.4011973816621555,2.871868286331605,9.122329581855723,-0.5799793482263559,-0.3789135676328266,-0.5825583159801782,-1.97630248880719,0.7165841249810271,0.6771600478459847
15,1znb_A,24,43,-0.3199951107652731,-1.0413357288144056,-3.0910424533583156,3.2039652121324464,10.088820149056083,-0.09988491783453328,-0.31006034904952934,-0.24095979447236665,-1.97630248880719,1.01015614572877,0.7251865486060534
15,1znb_A,25,44,0.30034232729673827,-0.8988445548740124,-2.995732273553991,3.431403223719222,9.20533068390267,0.16094148764813285,-0.37300037440983097,-0.09314776310699026,-1.97630248880719,1.2018364068012464,0.6813183188989532
15,1znb_A,26,45,0.6045819042248264,-0.4138585282278504,-2.4849066497880004,3.672241812960913,11.4214302081657,0.7522265903171023,-0.21513311560260512,0.5858432544646572,-1.97630248880719,1.7724488609800797,0.7896968822917676
15,1znb_A,27,46,0.7641373142777685,-0.1590511963692263,-2.3025850929940455,3.801314883443725,10.868261222477123,1.0086333663562148,-0.25453618373529296,0.8214652849266529,-1.97630248880719,2.0345758284084603,0.7631919453253825
15,1znb_A,28,47,1.1943356030672527,0.40654955324516034,-1.9459101490553137,3.8552409913291616,13.120921118580052,1.565209237296326,-0.0940908688270812,1.455352344705973,-1.97630248880719,2.563333976774745,0.8683208567384174
15,1znb_A,29,50,1.4709478802586318,-0.0703898531169005,-2.1972245773362196,3.7602694502006098,13.732369569742875,1.0972907186211796,-0.05054782516522634,1.0408690376044951,-1.97630248880719,2.121633933716956,0.8955375926947298
15,1znb_A,30,51,0.48465299395581146,-0.49340769431184106,-2.4849066497880004,3.66791114767774,12.292430394352452,0.6717002759161804,-0.15309520998561532,0.5407763487309407,-1.97630248880719,1.6865435613561326,0.8305352761819981
15,1znb_A,31,52,0.02857659617942437,-0.7055324778886036,-2.833213344056216,3.2816628129669656,8.54686457129163,0.4366117317079988,-0.4199116956394516,0.116205827813448,-1.97630248880719,1.4443276648884962,0.6481806517321418
15,1znb_A,32,53,-0.586562965326593,-1.0789399982700638,-3.1780538303479458,2.9215473753646144,6.251958013294717,-0.17853874972908132,-0.5834153291110278,-0.48752099648727154,-1.97630248880719,0.958012997093791,0.5307684952261277
15,1znb_A,33,54,-1.101290019480454,-1.218003984820111,-3.258096538021482,2.8449093838194073,5.031954491050175,-0.5034293363772615,-0.6703378890820278,-0.748082780934326,-1.97630248880719,0.7606791925336337,0.4675405153392305
15,1znb_A,34,55,-0.8876121826973865,-1.3473537739665595,-3.49650756146648,2.532902848056256,5.56885751299133,-0.8329543538656131,-0.6320846775996625,-0.9077692919309298,-1.97630248880719,0.5731142851481946,0.4954189117280656
15,1znb_A,35,56,-0.9418669874545136,-1.3349396568029732,-3.4339872044851463,2.466403178223441,8.680538923361851,-0.8009457143738437,-0.4103881773809388,-0.7301685485045907,-1.97630248880719,0.5911997891521292,0.6549341511504699
15,1znb_A,36,57,-0.644888440278704,-1.3481102893158097,-3.4657359027997265,2.305580601973844,12.03748786084538,-0.8349049373076333,-0.17125312670548523,-0.5855912577815552,-1.97630248880719,0.5720118689977925,0.8186993620278422
15,1znb_A,37,58,-0.5757448124220754,-1.3537385722770792,-3.4339872044851463,2.3427668826268775,14.886716360567902,-0.8494153298890037,0.03164759139426787,-0.46714317250595105,-1.97630248880719,0.5638092886859213,0.9453500276153178
15,1znb_A,38,59,-0.4577332209417913,-1.314377689208812,-3.49650756146648,2.411439497906128,17.95678078052968,-0.7479739560061639,0.25019474223530463,-0.2869134811275738,-1.97630248880719,0.6211308160385246,1.0682581916410918
15,1znb_A,39,60,-0.47252533999329777,-1.1847400753497803,-3.295836866004329,2.6290069937617573,21.051576425531657,-0.4217759376246852,0.4704436786104549,0.01490291301394175,-1.97630248880719,0.8084169634740763,1.1827884383470555
15,1znb_A,40,61,0.0661898697109193,-1.032278923680172,-3.0910424533583156,2.6905648867611904,24.248709264618597,-0.08159133478225362,0.6979470650521847,0.34336423577317726,-1.97630248880719,1.0226235434417326,1.2970431811386347
15,1znb_A,41,62,0.31166887899647566,-0.7618323911950025,-2.70805020110221,2.7356653681351832,27.179861184340147,0.3641817671614068,0.9065147889221504,0.8005309000248623,-1.97630248880719,1.3760101397541686,1.4008232490778838
15,1znb_A,42,63,0.9516069435031445,-0.904328168839736,-2.9444389791664407,2.744060638625243,25.310915846725106,0.15190715593004547,0.7735295211940103,0.5530533570659235,-1.97630248880719,1.19464694908477,1.3347088967883438
15,1znb_A,43,64,-0.1200806190976944,-1.1036252971796774,-3.1354942159291497,2.6727683869575705,22.61874667173228,-0.23258112510292675,0.581963322662835,0.18620833064766368,-1.97630248880719,0.9234655869663928,1.2390452324884609
15,1znb_A,44,65,-0.28713710807118387,-1.235566520104774,-3.367295829986474,2.454447442303292,19.043502225168567,-0.5472539175479366,0.3275387651052742,-0.1317371265662684,-1.97630248880719,0.7353703634927973,1.1091949987481244
15,1znb_A,45,66,-0.4550700285731151,-1.359512396819123,-3.5263605246161616,2.2762411176544437,16.176307149655635,-0.8642966442366493,0.1234585973519225,-0.4223597126658694,-1.97630248880719,0.5553931608638512,0.9985496152774694
15,1znb_A,46,67,-0.5705354004462441,-1.390355594166693,-3.49650756146648,2.2502386126218363,12.703889207640314,-0.943619821961929,-0.12379077565961252,-0.6164504246498659,-1.97630248880719,0.5104211193995469,0.8494309447577776
15,1znb_A,47,68,-0.6687975063121612,-1.4059030652245623,-3.4339872044851463,2.217027204632399,10.647969806493627,-0.9834188128624104,-0.2702284595960819,-0.7360268203559367,-1.97630248880719,0.4877511392373739,0.7525245292138796
15,1znb_A,48,69,-0.777730791972021,-1.3717940240174222,-3.49650756146648,2.182674796321488,7.004167473725913,-0.8959257844993006,-0.5298224732415631,-0.8693070955190441,-1.97630248880719,0.5374873735269965,0.5695080197611493
15,1znb_A,49,70,-0.6480537062641972,-1.3930565090590044,-3.610917912644224,2.150598735996164,6.34128299321202,-0.9505450660094344,-0.5770511468346942,-0.9344401490924916,-1.97630248880719,0.5064826371332173,0.5353797025814814
15,1znb_A,50,71,-0.19375582157179272,-1.3172776677938125,-3.49650756146648,2.3485140248824456,5.498552354938527,-0.755438308698446,-0.6370937694828371,-0.8676180945465239,-1.97630248880719,0.6169116726049811,0.4917727216556849
15,1znb_A,51,72,-0.3697616997553898,-1.208605090983027,-3.258096538021482,2.659559991941776,4.6982128517128725,-0.4801660664649981,-0.6941162839249045,-0.7519312783121672,-1.97630248880719,0.7741953588058992,0.4501758516891235
15,1znb_A,52,73,-0.2657360848147069,-1.0950127278656543,-3.0910424533583156,2.6304489550786583,8.195642805784058,-0.2135133345589389,-0.4449344216768429,-0.4103760986842117,-1.97630248880719,0.9355464244348292,0.630379965688149
15,1znb_A,53,74,-0.4380661445509236,-1.0996679068937318,-3.044522437723423,2.67000213346468,11.184496635968916,-0.22379213415144503,-0.23200998648535973,-0.26888693319811247,-1.97630248880719,0.9290201768844318,0.7783953787246458
15,1znb_A,54,75,-0.2960479561959747,-0.9453508035675025,-2.890371757896165,2.7750856024383683,13.025413621071692,0.08189432155647342,-0.1008925293945688,0.0280833180772756,-1.97630248880719,1.1403677280371496,0.8640180788473159
15,1znb_A,55,76,-0.4153100425287637,-1.1243493208343789,-3.1780538303479458,2.5915163848462583,11.055130437945992,-0.2793409312598214,-0.24122496315644995,-0.3098286959902439,-1.97630248880719,0.8942817633373475,0.7721920294795988
15,1znb_A,56,77,-0.7358757147255275,-1.1771473503873338,-3.258096538021482,2.696652156149841,10.59651098239416,-0.4034229919492278,-0.27389413077064895,-0.4070054372250625,-1.97630248880719,0.8192730758986926,0.7500239756834349
15,1znb_A,57,78,-0.610338858417999,-1.0426295440193432,-3.044522437723423,2.8859174075467844,14.400371661870397,-0.1025185309324107,-0.00298118393080115,-0.04331541532215532,-1.97630248880719,1.0083721706118844,0.9246149028731504
15,1znb_A,58,79,-0.5153493965768092,-1.095724221121396,-2.995732273553991,2.771963526845863,15.356636545806513,-0.2150800983624628,0.06510483542726661,-0.07671871493635106,-1.97630248880719,0.9345495067344228,0.965034267136416
15,1znb_A,59,80,-0.35760217702010566,-1.1892051915914492,-3.4011973816621555,2.6651427000909336,13.79699713705849,-0.4326215429769336,-0.04594569610990734,-0.2758963176052958,-1.97630248880719,0.8020253639532063,0.8983808072486879
15,1znb_A,60,81,-0.39449890330305576,-1.1793728179706249,-3.332204510175204,2.644044871126298,15.522796429767414,-0.408790418732999,0.07693454500450778,-0.18829817084376277,-1.97630248880719,0.8160927507344493,0.971911567228978
15,1znb_A,61,82,-0.3894900796242072,-0.92795657700823,-2.833213344056216,2.840247370713596,18.73819572424197,0.11211163952995268,0.30581015278469537,0.2849781324270398,-1.97630248880719,1.1634883344545204,1.0977922867797094
15,1znb_A,62,83,-0.08288622116320861,-0.9539982576375076,-2.995732273553991,2.9041650800285006,18.82204600993208,0.06657374970004148,0.3117778088246718,0.25344536931385137,-1.97630248880719,1.1288169140951043,1.1009309440259372
15,1znb_A,63,84,0.16703719068310555,-1.0532507218632134,-3.218875824868201,2.6892071133007303,18.72606429552137,-0.12433168385558668,0.3049467515616524,0.11473495018098534,-1.97630248880719,0.9936997050169124,1.097337733971263
15,1znb_A,64,85,0.20690270810777484,-0.9161232993197514,-2.833213344056216,2.806386101823072,21.55810914713997,0.1322191041930828,0.5064891001287922,0.4038811041837153,-1.97630248880719,1.1791290286805456,1.2010545643103598
15,1znb_A,65,86,0.3076696147967043,-0.652053740807809,-2.5649493574615367,3.1280754605417043,23.426706533356334,0.5006170702845467,0.63945592480915,0.7990387700853598,-1.97630248880719,1.507510415754678,1.2678308431378715
15,1znb_A,66,87,0.5314493394393907,-0.551984407015253,-2.3978952727983707,3.086486636822455,23.403679326123065,0.610937701009747,0.6378173713737141,0.91247098209915245,-1.97630248880719,1.6217619000655534,1.2670115708407896
15,1znb_A,67,88,0.7553238856292124,-0.8334152801662235,-2.995732273553991,2.930660276810276,22.674811245079862,0.26317455050758165,0.5859527801500285,0.5511016180702144,-1.97630248880719,1.2863581557551853,1.2410459511222192
15,1znb_A,68,89,0.19364691644651125,-0.8497928288644919,-2.890371757896165,2.8408313123360287,24.70852737416781,0.23851903831419213,0.7306660222933876,0.6024808413403832,-1.97630248880719,1.2654247600593225,1.3133585700882504
15,1znb_A,69,90,0.0882554057110737,-1.0232452625264432,-3.0910424533583156,2.65605490598383,22.453524801242235,-0.06358981069753589,0.5702063921471386,0.2918659025978429,-1.97630248880719,1.0350228855396746,1.2331455058653582
15,1znb_A,70,91,0.3181382278593849,-1.0640002965576425,-3.1354942159291497,2.681706225762608,21.38953608660085,-0.14676287348341768,0.49449333149596575,0.1974840715610114,-1.97630248880719,0.9788005698845162,1.1949859904836853
15,1znb_A,71,92,-0.04477986409404933,-1.2120635120963663,-3.4011973816621555,2.5603232890727545,17.983606534841673,-0.48870962142330027,0.25210406189379025,-0.13779684134181128,-1.97630248880719,0.769224346547336,1.0692813009180429
15,1znb_A,72,93,0.09557636628701184,-1.2019711714724788,-3.0910424533583156,2.481567748522486,19.28126671150005,-0.46383354377765496,0.34446012212207955,-0.07455083317698977,-1.97630248880719,0.7837226502206085,1.1180290054095918
15,1znb_A,73,94,-0.480571611988124,-1.23472831145769,-3.258096538021482,2.3850863145057892,15.915633697719986,-0.5451525240592292,0.1049014661115861,-0.2517222307306553,-1.97630248880719,0.7365797628043895,0.9880004952721452
15,1znb_A,74,95,-0.6600785193663313,-1.3178445112395123,-3.4339872044851463,2.2915241456346207,12.25437052646932,-0.7568976470803029,-0.15580593576479915,-0.5314410784562101,-1.97630248880719,0.6160868866392482,0.8287745237117318
15,1znb_A,75,96,-0.6066880881347306,-1.3770156340965125,-3.4657359027997265,2.152924318439639,9.066947887795536,-0.909358364518709,-0.3828591037196658,-0.772046611950887,-1.97630248880719,0.5298735871324339,0.6743822897238692
15,1znb_A,76,97,-0.4258553135040445,-1.4118165037823405,-3.5263605246161616,2.125847914493992,5.544007756127327,-0.9985098998313652,-0.6338551693888244,-1.0030420929939825,-1.97630248880719,0.4791300919000145,0.49413030391319335
15,1znb_A,77,98,-0.7054058973678634,-1.4113581744136232,-3.5553480614894135,2.0360119837525,3.822997384252304,-0.9973412644385328,-0.7564734151468826,-1.0919679062125542,-1.97630248880719,0.4797982385376755,0.40453634405696
15,1znb_A,78,99,-1.1692838203531344,-1.3427164910342162,-3.5263605246161616,1.9600947840472696,0,-0.8209972306880852,-1.0288494177065342,-1.1922584170615715,-1.97630248880719,0.5798711920811811,0.2041728796644377
15,1znb_A,79,100,-1.2021671898282975,-1.282198534240767,-3.4339872044851463,2.0781907597781832,3.8553426566260023,-0.6654135335363957,-0.7541688937782491,-0.9021915174400356,-1.97630248880719,0.667885770902557,0.40622520046459754
15,1znb_A,80,101,-1.38422828208775,-1.1414029402574752,-3.1354942159291497,2.039920783517553,0,-0.3186883280277634,-1.0288494177065342,-0.9019773231511496,-1.97630248880719,0.8701522859916025,0.2041728796644377
15,1znb_A,81,102,-0.8687853362856991,-1.182673990936972,-3.044522437723423,2.2396452932201716,3.854348453370555,-0.4167705338367814,-0.754239728332401,-0.7587565597514732,-1.97630248880719,0.8113726371929117,0.406173291862805
15,1znb_A,82,103,-1.149672510457243,-1.238314902790387,-3.367295829986474,2.2491843162669305,0,-0.5541505908372613,-1.0288494177065342,-1.0407257141974604,-1.97630248880719,0.7314038949452921,0.2041728796644377
15,1znb_A,83,104,-1.0255275447937733,-1.324158065999163,-3.367295829986474,2.2945529212967815,3.855792136513586,-0.7731581185388039,-0.7541368694336739,-0.9631554222577762,-1.97630248880719,0.6068983982191353,0.4062486683302788
15,1znb_A,84,105,-1.0654041373609222,-1.3114448372023848,-3.4657359027997265,2.302585092994046,6.144126138028093,-0.7404280067165477,-0.5910980882638405,-0.8257072637503149,-1.97630248880719,0.6253969579941997,0.5251982670626756
15,1znb_A,85,106,-0.7026900205722092,-1.1926320531534422,-3.1780538303479458,2.3570732782781154,5.876398046422656,-0.4409708502575389,-0.6101730919750316,-0.6678343205041782,-1.97630248880719,0.7971163752292172,0.5113517930737946
15,1znb_A,86,107,-0.8253459837890689,-1.1833186772211055,-3.258096538021482,2.425687290128029,8.56244182461989,-0.4183314878609581,-0.41880190455837407,-0.5168837104866351,-1.97630248880719,0.8104504950661127,0.6489682832544423
15,1znb_A,87,108,-0.5361856548311785,-1.2696323961071054,-3.49650756146648,2.5368663887187113,10.391311033743529,-0.6333607826507028,-0.2885117174450388,-0.5501746661546666,-1.97630248880719,0.6861068774212766,0.7400209452312468
15,1znb_A,88,109,-0.3659422570957602,-1.1106063813603158,-3.0910424533583156,2.4756977107026903,13.179662628459049,-0.2481971360450343,-0.08990757298162852,-0.19168969243394984,-1.97630248880719,0.9136524342439314,0.8709603621293088
15,1znb_A,89,110,-0.3446422944847473,-1.148561327776866,-3.044522437723423,2.554121718809473,14.112427856325784,-0.33542260602812135,-0.0234844041407895,-0.20414221655896125,-1.97630248880719,0.8599947387058013,0.9121655335424276
15,1znb_A,90,111,-0.32385223272893515,-1.160454191426072,-3.258096538021482,2.5392369943330477,14.137427099723627,-0.3634928857360318,-0.02170428779658269,-0.2199680031346101,-1.97630248880719,0.8430830163257211,0.913251469346859
15,1znb_A,91,112,-0.4998829925463256,-1.074521456909672,-2.995732273553991,2.6720775406433925,16.46127634784132,-0.16906730597423902,0.14374465679097098,-0.00215963548373875,-1.97630248880719,0.964170778275882,1.0099720750475694
15,1znb_A,92,113,-0.3611416399201904,-0.8376861010893528,-2.4849066497880004,2.6297282343267403,18.63350790914046,0.25680312308556497,0.29835943200538195,0.3984774062010541,-1.97630248880719,1.2809140034792228,1.093865891529021
15,1znb_A,93,114,-0.08580969091938088,-0.8392008451984218,-2.70805020110221,2.7376090033437546,18.941537925944665,0.25453357087930556,0.3202820331034508,0.40807260752958546,-1.97630248880719,1.278980607242873,1.1053944890939025
15,1znb_A,94,115,-0.28909208899005767,-0.8227509560688279,-2.639057329615259,2.570319527636131,20.18664313351777,0.2789081048254507,0.408892343869886,0.474954941759065,-1.97630248880719,1.299906527483207,1.1513509030830482
15,1znb_A,95,116,-0.33704937666162904,-1.0997961758563968,-3.1354942159291497,2.391511302188447,17.593424339792406,-0.2240762782564188,0.22433244801106925,0.00686667393665435,-1.97630248880719,0.9288402331800724,1.054328929563772
15,1znb_A,96,117,-0.25284220425455567,-1.079930737150852,-2.995732273553991,2.583997552432231,16.410700228814125,-0.18067099081763832,0.1401443516639383,-0.01171835365420759,-1.97630248880719,0.956631173588264,1.0079529615647185
15,1znb_A,97,118,-0.069228316031442,-1.1663360228069732,-3.1780538303479458,2.330200260027019,12.7277260734194,-0.3774939511039967,-0.12209313774520356,-0.2910817627951288,-1.97630248880719,0.8347029513883039,0.8505177746237571
15,1znb_A,98,119,-0.0852167132424046,-1.229731169043192,-3.218875824868201,2.2027647577118348,11.15965684956307,-0.5326442935905207,-0.2337793579463119,-0.4553096387997731,-1.97630248880719,0.7437868228030846,0.7772060272043323
15,1znb_A,99,120,-0.31671923274847524,-1.3130651850039563,-3.5263605246161616,1.7439688053917064,7.948059197061883,-0.744596614074747,-0.46257363095515946,-0.7354747268379853,-1.97630248880719,0.6230400965876783,0.6177876653815264
15,1znb_A,100,121,-0.12805767893092498,-1.3160881568592375,-3.4339872044851463,2.033397603178429,7.733858157478711,-0.7523762468152146,-0.4778345700200324,-0.7507928782010159,-1.97630248880719,0.6186423739664181,0.606867236639756
15,1znb_A,101,122,-0.398601726926986,-1.1543261968266685,-3.044522437723423,2.1435893615035875,10.221904323559286,-0.34898833519368977,-0.30057972979994146,-0.39277415395336146,-1.97630248880719,0.8518025850554162,0.7317257497984125
15,1znb_A,102,123,-0.6796394250633214,-1.1530030844971215,-3.0910424533583156,2.1150499691472033,8.510076732909054,-0.34586793476593425,-0.4225326234113978,-0.47629887107339425,-1.97630248880719,0.8536837195766676,0.6463198981571282
15,1znb_A,103,124,-1.0568205947788063,-1.2276301387213244,-3.4011973816621555,1.9974177062012453,5.713685850657176,-0.5273955360076216,-0.6217659733491813,-0.7265614555331075,-1.97630248880719,0.7468154403535551,0.5029255929205274
15,1znb_A,104,125,-0.8371873680425611,-1.1829118369144351,-3.258096538021482,2.2082744135228043,9.022852098976244,-0.4173463260869475,-0.3860006104800742,-0.493101244222241,-1.97630248880719,0.8110324418968266,0.6721688026881224
15,1znb_A,105,126,-0.5837423903489275,-0.9519929741461868,-2.9444389791664407,2.4265710727750367,10.934040287103391,0.07014432858637319,-0.2498505285929459,-0.07843846892109611,-1.97630248880719,1.13149877405731,0.7663652458287835
15,1znb_A,106,127,-0.8766056126481139,-0.9639411599349976,-2.995732273553991,2.502255288122613,9.207836553718796,0.04870893308555996,-0.37282185077336466,-0.17936867356647934,-1.97630248880719,1.115490045350113,0.6814437698905974
15,1znb_A,107,128,-0.7034092693788301,-1.0041923453698418,-2.995732273553991,2.624668592163159,8.836072600426048,-0.02641297624738963,-0.3993073766311674,-0.2524729066412537,-1.97630248880719,1.0610536695779715,0.6627759125879648
15,1znb_A,108,129,0.12288407651746468,-0.8143670933656285,-2.70805020110221,2.924236271848921,12.600167379840634,0.29110314298281165,-0.13117779663505633,0.17890069361895192,-1.97630248880719,1.310511399214315,0.8446917832118268
15,1znb_A,109,130,0.26385668019456027,-0.5025235760016953,-2.4849066497880004,3.0238337036648657,13.150744199474037,0.6623643967340852,-0.09196700467525978,0.5699123484483699,-1.97630248880719,1.6765532456413437,0.8696615916142163
15,1znb_A,110,131,0.25418078016364676,-0.5065076644089795,-2.4849066497880004,2.8094026953624978,10.70544324164114,0.6582725334056035,-0.2661343570802083,0.4511878112820819,-1.97630248880719,1.6721768006739792,0.7553134994152926
15,1znb_A,111,132,0.495145122768588,-0.5449229955340423,-2.3025850929940455,2.695977619867941,12.385534223439857,0.618374424742816,-0.14646415604490945,0.488178129071815,-1.97630248880719,1.6296473054301877,0.8348333124488178
15,1znb_A,112,133,0.08530607432603028,-0.9728629993998404,-3.044522437723423,2.77757626375082,9.5926869020103,0.03244882719352767,-0.3454045752006243,-0.1721673955443652,-1.97630248880719,1.1034906757081744,0.7006444175546507
15,1znb_A,113,134,-0.17544512371635715,-1.0220630154898032,-3.0910424533583156,2.724579503053421,10.992727323098668,-0.0612519045268118,-0.24567008625868228,-0.17046793676157804,-1.97630248880719,1.0366429031125104,0.7691916489331014
15,1znb_A,114,135,1.185311706381453,-1.0723364399136426,-3.218875824868201,2.4388627112865935,11.394177372675925,-0.1644064538705023,-0.21707432444820043,-0.22068863580193904,-1.97630248880719,0.967212876088248,0.788400976917003
15,1znb_A,115,136,-0.03381101912895631,-1.2122012110088,-3.332204510175204,2.5257286443082556,10.62186617313549,-0.489050189050433,-0.27208795078546555,-0.45601965163448593,-1.97630248880719,0.7690263644512867,0.7512564727214177
15,1znb_A,116,137,0.4755937420454183,-1.037185202671166,-2.890371757896165,2.547098670044448,13.922815950805356,-0.09147063433904744,-0.03698624395026113,-0.05653071085730816,-1.97630248880719,1.0158741474839132,0.9038976304659684
15,1znb_A,117,138,0.7061011296945962,-0.9889512946983195,-2.833213344056216,2.330200260027019,13.95468828028774,0.00256902375509144,-0.03471666431892108,0.0107449663716078,-1.97630248880719,1.0817561765022143,0.9052912786765837
15,1znb_A,118,139,0.3154226589182705,-1.0299477961232772,-2.995732273553991,2.1412419425852827,12.226137002340518,-0.07692272209996316,-0.1578168106938709,-0.12300887135302212,-1.97630248880719,1.02582666180576,0.8274669556484082
15,1znb_A,119,140,0.26281496824810763,-0.9908682250428928,-2.9444389791664407,2.231089091288976,12.726382400352428,-0.0010397156107158,-0.12218883268021956,-0.0466876468849813,-1.97630248880719,1.0791583084977223,0.8504565334244866
15,1znb_A,120,141,0.39547473315196496,-1.0057893980204835,-2.890371757896165,2.336019869080283,12.98540076393486,-0.02948852865108123,-0.10374210753126618,-0.05521309756876384,-1.97630248880719,1.0588780871965875,0.8622113040418388
15,1znb_A,121,142,0.475243507635702,-0.9917876293419028,-2.70805020110221,2.4458192610799534,14.177615525891508,-0.00277425077385912,-0.01884260992197584,0.01660438895537662,-1.97630248880719,1.077911697374714,0.9149951803878524
15,1znb_A,122,143,0.9210699642723108,-0.99730528402152,-2.890371757896165,2.2669579153508947,14.687514459567346,-0.0132343687657915,0.01746425419995568,0.03102118100106991,-1.97630248880719,1.0704220435247398,0.9369016262835204
15,1znb_A,123,144,1.5873252585317348,-1.0018226954183036,-2.995732273553991,2.347558458636777,15.090911470153152,-0.02186316570837124,0.04618606934763851,0.0419229813290577,-1.97630248880719,1.064279552003316,0.9539459181329318
15,1znb_A,124,145,1.1252326158079846,-1.0636208997048882,-2.890371757896165,2.25758772706331,17.19133764429051,-0.1459650613542097,0.1957124619530174,0.04177516317488074,-1.97630248880719,0.9793272571112438,1.038750394870827
15,1znb_A,125,146,1.3475263175320071,-1.0307606177950293,-3.044522437723423,2.392425796993835,17.174208831850155,-0.0785487328495164,0.19449323113376216,0.08649026045749904,-1.97630248880719,1.0247100667027706,1.0380826825619185
15,1znb_A,126,147,1.3360899332896805,-0.8971983963118025,-2.639057329615259,2.598979106047848,20.471570555284707,0.1636389946368437,0.4291689282998914,0.3894345345160778,-1.97630248880719,1.203991544085542,1.1617454792377255
15,1znb_A,127,148,1.421922216683838,-0.9911748131637106,-3.044522437723423,2.6823904543216326,20.56572026455674,-0.00161785357854192,0.4358689416474423,0.26761169291877157,-1.97630248880719,1.0787426528634638,1.1651715288624978
15,1znb_A,128,149,1.3513135896315136,-0.8269324774764245,-2.772588722239781,2.7555697170701863,24.224574506067174,0.27276868708679497,0.6962297200248319,0.6144858441460783,-1.97630248880719,1.2946019844189418,1.2961863485343263
15,1znb_A,129,150,1.478049734584327,-0.7406883048002381,-2.3025850929940455,2.7324175575505043,24.92948475199598,0.3920541498265768,0.746388474551486,0.7467848279280906,-1.97630248880719,1.4018944611192288,1.3211928556160517
15,1znb_A,130,151,0.9620566383321212,-1.0391614173624573,-3.0910424533583156,2.71336936257981,22.530008988014185,-0.09547046843132218,0.5756488931852521,0.2727273446769329,-1.97630248880719,1.0131525432307875,1.2358772902533353
15,1znb_A,131,152,0.113798319320717,-1.0846892939876036,-3.044522437723423,2.70805020110221,20.000718112107872,-0.19095589103343885,0.395661016652485,0.11823183472257193,-1.97630248880719,0.9499886034537424,1.1445457200760196
15,1znb_A,132,153,-0.32787242561192853,-1.1827951384652715,-3.295836866004329,2.516889695641051,16.273679301252066,-0.4170638013643747,0.13039029082758213,-0.16263789285243735,-1.97630248880719,0.8111993596869704,1.0024652362677824
15,1znb_A,133,154,-0.2300564129179455,-1.125452239228276,-3.044522437723423,2.4060438013622756,15.471183988305484,-0.2818627186786348,0.07326003859690894,-0.113798233811272,-1.97630248880719,0.892724260448222,0.969779994547696
15,1znb_A,134,155,-0.3436148204955011,-1.246603675411853,-3.332204510175204,2.247072383063787,11.990112676701582,-0.5750078458669347,-0.17462741470710616,-0.4403807989105551,-1.97630248880719,0.719432517117173,0.8164891727794621
15,1znb_A,135,156,-0.2765525902983291,-1.1719615193079278,-3.1780538303479458,2.298577071596507,11.878649165624852,-0.39095505383111817,-0.18256645265662233,-0.33834819437223074,-1.97630248880719,0.8266784893226172,0.8112758051123422
15,1znb_A,136,157,-0.5286455740798882,-1.2175832324116007,-3.295836866004329,2.0425181875752383,10.363691475531292,-0.5023849547016219,-0.29047923847411744,-0.47634702710278704,-1.97630248880719,0.7612846964396458,0.7386707652647574
15,1znb_A,137,158,-0.25563906228886524,-1.0945893552368318,-3.1780538303479458,2.2364452904895007,12.106549549727202,-0.21258176566899917,-0.16633425442978095,-0.2182476902744246,-1.97630248880719,0.9361395439292216,0.8219152546035436
15,1znb_A,138,159,-0.7884895319750775,-1.1392719488941911,-3.218875824868201,2.038619547159581,9.992687926679189,-0.3137309594618603,-0.31690865288686004,-0.3826785982835942,-1.97630248880719,0.8731728544413973,0.7204510360821984
15,1znb_A,139,160,-0.9069498711114532,-1.1716186947169502,-3.218875824868201,2.179286876649552,6.834788292258947,-0.39013279485382424,-0.5418902315504504,-0.5883310381888337,-1.97630248880719,0.8271677740092038,0.5608036766091525
15,1znb_A,140,161,-1.049164189143427,-1.2150445091745663,-3.332204510175204,2.1482677326096886,3.75212486466002,-0.4960892127926964,-0.7615229062729052,-0.8105298250122066,-1.97630248880719,0.7649373094154903,0.4008353543794932
15,1znb_A,141,162,-1.0912185917859762,-1.2919981610057218,-3.5263605246161616,2.1210632163706555,0,-0.6904928113319274,-1.0288494177065342,-1.1184689693265746,-1.97630248880719,0.6536606398161778,0.2041728796644377
15,1znb_A,142,163,-0.8450824076829107,-1.1879234682066102,-3.295836866004329,2.1077860146889784,3.874892643674145,-0.42950438412311104,-0.7527760048210571,-0.7651959493595466,-1.97630248880719,0.803860637033945,0.40724590241369857
15,1znb_A,143,164,-0.6836122738150553,-1.1765707614444023,-3.258096538021482,2.130609828254235,6.8798832112180515,-0.40203400233179537,-0.53867735119371,-0.5930834488119467,-1.97630248880719,0.8200968284054142,0.5631222115898291
15,1znb_A,144,165,-1.1562595887157356,-1.258658108749352,-3.4011973816621555,2.172476407647025,5.667461336436272,-0.6054839981512877,-0.625059368783535,-0.7737725691069104,-1.97630248880719,0.7019995533426266,0.500530366357653
15,1znb_A,145,166,-1.33490116446089,-1.3621016780913908,-3.5263605246161616,2.0744289998562917,4.854018850396032,-0.8709681602079724,-0.6830154331608902,-0.9663983991916484,-1.97630248880719,0.5516185296772292,0.45828555993831216
15,1znb_A,146,167,-1.217150661299614,-1.3553675744743912,-3.5553480614894135,1.9629077254238845,6.86677194903107,-0.8536144217367679,-0.5396114898666897,-0.8524193691037322,-1.97630248880719,0.5614349347076366,0.5624481849958213
15,1znb_A,147,168,-1.1976151285042398,-1.357273402675245,-3.5553480614894135,2.1983350716202463,9.220300916998315,-0.8585265808362441,-0.3719338626816374,-0.735577843773694,-1.97630248880719,0.5586569532084462,0.6820676918250499
15,1znb_A,148,169,-0.8168258431226473,-1.3093346907879968,-3.4011973816621555,2.1736147116970854,11.510845320826787,-0.7350008504564268,-0.20876415177954627,-0.553895459131662,-1.97630248880719,0.62846585360267,0.7939411760728581
15,1znb_A,149,170,-0.5955313988530495,-1.1983275184602202,-3.258096538021482,2.365559892155434,14.522607513804124,-0.4548951594597518,0.00572247105089349,-0.25749066168798473,-1.97630248880719,0.7889508463677921,0.9298609807514132
15,1znb_A,150,171,-0.4766461673195742,-1.1710176113312558,-3.218875824868201,2.488234439880675,17.33098664242749,-0.38869170355377697,0.20565261549616015,-0.10409539904729988,-1.97630248880719,0.828025567560109,1.044181522199781
15,1znb_A,151,172,0.08760558539393055,-0.9684816542625128,-2.833213344056216,2.767576180416237,20.22117892211035,0.04046121451888569,0.4113500647161646,0.28569865831582536,-1.97630248880719,1.1093881602710112,1.152612986852004
15,1znb_A,152,173,-0.02868864995977718,-0.8165731740137417,-2.4849066497880004,2.7226103524335397,22.76741770601137,0.287908914695754,0.5925424841612323,0.5757718169576738,-1.97630248880719,1.307724872740855,1.2443494330240086
15,1znb_A,153,174,-0.2989847368145114,-1.0249665042595637,-3.044522437723423,2.7954503913830435,20.642446947975916,-0.06700099922417792,0.44132905211993945,0.22432119191942151,-1.97630248880719,1.0326631691794137,1.1679605115471985
15,1znb_A,154,175,0.1870475190299061,-1.0208288490498412,-2.833213344056216,2.71336936257981,18.92040596816041,-0.05881574362929742,0.3187780794221549,0.16663679869074113,-1.97630248880719,1.0383333946063578,1.1046058928915736
15,1znb_A,155,176,-0.4783659913052049,-1.2381104465730293,-3.367295829986474,2.359910159613315,15.59879854347764,-0.5536371997528521,0.08234540876136805,-0.26956066727300015,-1.97630248880719,0.7316990185926527,0.9750428029415372
15,1znb_A,156,177,-0.7742201762953324,-1.2770131880473543,-3.4011973816621555,2.281361456542419,12.255979316235814,-0.6521714573181938,-0.155691353205729,-0.47204604840553793,-1.97630248880719,0.6754074455756729,0.8288489948259792
15,1znb_A,157,178,-0.82078044059601,-1.3451756729043016,-3.4339872044851463,2.2364452904895007,9.23587965491106,-0.8273382364371128,-0.3708240006790422,-0.7171670595717183,-1.97630248880719,0.5762881079653818,0.6828473212700898
15,1znb_A,158,179,-0.8867596450993475,-1.3705268311006058,-3.49650756146648,2.1198634561787513,6.778560909219601,-0.8926644218837378,-0.5458962698947569,-0.8790558056044204,-1.97630248880719,0.5393350332925942,0.5579116499101755
15,1znb_A,159,180,-1.181019919568443,-1.37997235361147,-3.49650756146648,2.1435893615035875,3.862143057940764,-0.9169596061525128,-0.7536843817749934,-1.0441600899352468,-1.97630248880719,0.5255621445257174,0.4065802543462259
15,1znb_A,160,181,-1.468625554890772,-1.3574439810147578,-3.4657359027997265,1.9892432737616872,0,-0.8589662069237267,-1.0288494177065342,-1.2137213021046196,-1.97630248880719,0.5584083070381328,0.2041728796644377
15,1znb_A,161,182,-1.1255352900813649,-1.3677894257849517,-3.6635616461296463,2.1234584270966104,3.80584524120464,-0.8856173786232499,-0.7576954630417307,-1.029335523027162,-1.97630248880719,0.543326250951458,0.40364071482857017
15,1znb_A,162,183,-1.1868069371280234,-1.3708949197836844,-3.58351893845611,2.328252839742623,3.8294452600866378,-0.8936118250063465,-0.7560140198490642,-1.032631131431301,-1.97630248880719,0.5387983364900192,0.40487302088586957
15,1znb_A,163,184,-0.32302278713529026,-1.2891556825224406,-3.5263605246161616,2.561867690924129,0,-0.6832116074971509,-1.0288494177065342,-1.1143415169398974,-1.97630248880719,0.6577880922028551,0.2041728796644377
15,1znb_A,164,185,0.6206178514934466,-1.1836173803145404,-3.258096538021482,2.7093826463359885,3.8603253748874593,-0.41905500249112754,-0.7538138872607871,-0.7597939368875791,-1.97630248880719,0.8100231995043128,0.4064853524152982
15,1znb_A,165,186,0.05803903290231171,-1.034535894211223,-2.995732273553991,2.9444389791664403,6.6752577478326645,-0.08612697448641371,-0.5532563286350942,-0.40418735037351217,-1.97630248880719,1.019520027920101,0.5525951105135767
15,1znb_A,166,187,0.5076838175760877,-0.7543946461035701,-2.4849066497880004,3.1095072878128356,8.153453010841478,0.374082909254104,-0.4479402446317011,0.03708122145223017,-1.97630248880719,1.3851471154019994,0.6282365948574209
15,1znb_A,167,188,-0.4042836197877147,-0.8620839038144221,-2.833213344056216,2.9041650800285006,6.086695655279632,0.21961416024726765,-0.5951898734188755,-0.20445718507799865,-1.97630248880719,1.2496152914109,0.5222300123182911
15,1znb_A,168,189,0.7406392747079019,-0.8663075156033229,-2.772588722239781,2.8986705607108596,8.508887647630564,0.21303688122044193,-0.4226173391491927,-0.08587951203604989,-1.97630248880719,1.2441632385428427,0.6462597382282974
15,1znb_A,169,190,0.2209617189599034,-0.7762967806571907,-2.70805020110221,2.7930039069823738,8.703100194758184,0.344618493737197,-0.4087808234433673,0.03791342699297155,-1.97630248880719,1.358143165823434,0.6560727499767275
15,1znb_A,170,191,-0.09847027899058816,-0.9490606455790622,-3.1354942159291497,2.50715725872282,6.834521855989637,0.07534615548845314,-0.541909214356784,-0.28009564189633424,-1.97630248880719,1.13541687139077,0.5607899755200858
15,1znb_A,171,192,-0.3234806340915598,-0.7558960524449171,-2.772588722239781,2.5862591440482876,3.798142967293365,0.37209278676961977,-0.7582442310074069,-0.18975849932566585,-1.97630248880719,1.3833054753427771,0.40323851413874673
15,1znb_A,172,193,-0.5798660517236879,-0.5848025873187911,-2.3978952727983707,2.6803363625346943,0,0.5758578079933007,-1.0288494177065342,-0.1873075091112323,-1.97630248880719,1.58482210003152,0.2041728796644377
15,1znb_A,173,194,-0.6878709376235834,-0.6561449179538857,-2.639057329615259,2.5726122302071057,3.803851337789109,0.4958650764900643,-0.757837523731808,-0.07003344880879363,-1.97630248880719,1.502732442916784,0.4035365970816124
15,1znb_A,174,195,-0.7460937104881582,-0.4672176030255371,-2.3978952727983707,2.7893229212309465,5.668397392561673,0.698351443815437,-0.6249926768268693,0.2393475179836665,-1.97630248880719,1.7150711303651338,0.5005788764257227
15,1znb_A,175,196,-0.8313938462303697,-0.7941405536842078,-2.833213344056216,2.565718292524414,6.902397916666354,0.31990858272736733,-0.5370732453711445,-0.0760970580104106,-1.97630248880719,1.335925938025093,0.5642794927716862
15,1znb_A,176,197,-0.7886008368629277,-1.003221517850563,-3.044522437723423,2.175887439948088,4.538485430184835,-0.02454699319224082,-0.70549652337962665,-0.4720700951331264,-1.97630248880719,1.062375602814616,0.4418567908594475
15,1znb_A,177,198,-0.6124149024789636,-1.0691843265360954,-3.044522437723423,2.2512917986064953,6.671728486681696,-0.15770926126442927,-0.553507778697058,-0.45229117479614533,-1.97630248880719,0.9715979105501004,0.5524134034609444
15,1znb_A,178,199,-0.35358038695037985,-1.0047418587978292,-3.1354942159291497,2.329227023940467,7.320760138127735,-0.02747037842071098,-0.5072662768844868,-0.33025140419650884,-1.97630248880719,1.0603052284711192,0.5857458561395623
15,1znb_A,179,200,-0.3840792060309324,-0.8946571205093383,-2.772588722239781,2.3942522815198695,10.342043560148063,0.1677901654251371,-0.2920213635873163,-0.03137486511084777,-1.97630248880719,1.2073157317458263,0.7376118919505158
15,1znb_A,180,201,-0.796176944848257,-1.02779665386134,-2.9444389791664407,2.365559892155434,9.25260336337833,-0.07262900100161347,-0.3696325696242675,-0.26383814496558133,-1.97630248880719,1.0287803260722646,0.6836840177693441
15,1znb_A,181,202,-0.9450052714156728,-1.1723064160854568,-3.295836866004329,2.214846178686039,6.755385777289109,-0.3917825318789732,-0.5475474318258713,-0.5933969858585152,-1.97630248880719,0.8261862128919721,0.5567192900567027
15,1znb_A,182,203,-0.5866329792584586,-1.1639781338008326,-3.295836866004329,2.3711778844596574,10.1083997249812,-0.3718721024661161,-0.30866553777337996,-0.4120890904161888,-1.97630248880719,0.8380635719985449,0.7261498263924565
15,1znb_A,183,204,-0.6619742326198303,-1.0828838290017673,-2.995732273553991,2.4807312783775197,11.8272579239653,-0.187045143883037,-0.18622685038825756,-0.214926638965065,-1.97630248880719,0.9525099822776786,0.8088658675644465
15,1znb_A,184,205,-0.8494257981934739,-1.2044670770314034,-3.295836866004329,2.2417729535972883,9.84860812500934,-0.46996964543478337,-0.3271727538097309,-0.48282770605550007,-1.97630248880719,0.7801394225422283,0.7133353602094615
15,1znb_A,185,206,-0.3522603302970463,-1.157114053774071,-3.332204510175204,2.207174908189387,10.436797353594637,-0.3555763934749526,-0.28527144036051083,-0.3862227236937605,-1.97630248880719,0.847837161035505,0.7422426040779246
15,1znb_A,186,207,-0.2372651647329813,-1.0114744855394653,-2.890371757896165,2.4309783077624445,14.037789925768228,-0.04049678112341434,-0.02879916614275203,-0.01626079980135127,-1.97630248880719,1.0511240749642343,0.908917614041604
15,1znb_A,187,208,-0.38368857359649416,-1.0134721652629088,-2.772588722239781,2.4078456036515385,14.522359105875326,-0.04438733663993727,0.00570478360416296,0.00194374097242552,-1.97630248880719,1.0483958866002585,0.9298503431793568
15,1znb_A,188,209,-0.3302383046178751,-1.1300737161290204,-3.258096538021482,2.547098670044448,13.016444291741124,-0.29246470013353354,-0.10153129301323369,-0.226495868648951,-1.97630248880719,0.8861933383032845,0.8636132818549547
15,1znb_A,189,210,-0.00190483244452842,-1.0894315399663568,-3.044522437723423,2.8249439525737094,13.732686190254256,-0.20127690800583925,-0.05052527852923653,-0.13739131448130665,-1.97630248880719,0.9433596366335488,0.8955515376923341
15,1znb_A,190,211,-0.02299525352646607,-0.8348699297676035,-2.5649493574615367,2.869601996409779,17.53239370422647,0.26100899041331455,0.2199884413175172,0.3601783872058007,-1.97630248880719,1.284505039439488,1.0519758365735026
15,1znb_A,191,212,-0.02508627612125937,-0.8455768007081007,-2.639057329615259,2.731115474033206,17.63322605197359,0.2449238824654296,0.2271654201584638,0.35038702048680964,-1.97630248880719,1.2708281304435596,1.05586137885044
15,1znb_A,192,213,-0.01630249686591764,-0.966213646158408,-3.044522437723423,2.7006898466959175,16.55246078382305,0.04458807243027989,0.15023564755886787,0.14973855111095394,-1.97630248880719,1.1124373470952384,1.013603692822905
15,1znb_A,193,214,0.2934058769545923,-0.7946325359801961,-2.5649493574615367,2.958549482426275,17.574434016491114,0.31921808270322016,0.22298076736253652,0.4126053315179665,-1.97630248880719,1.3353106521715752,1.0535971681535812
15,1znb_A,194,215,-0.04258756016723756,-0.8450319196244956,-2.833213344056216,3.100542637906336,18.89651314396389,0.24574870070003352,0.31707763330453936,0.39893711259922976,-1.97630248880719,1.2715257316031936,1.1037138698032265
15,1znb_A,195,216,-0.4292050333217118,-1.0850118693355355,-3.0910424533583156,3.046425387869509,15.861617855691774,-0.19165569886690056,0.1010560470386484,-0.04096239702357222,-1.97630248880719,0.9495379786968192,0.9858021130867988
15,1znb_A,196,217,-0.07347377857860887,-1.0134734258019074,-2.890371757896165,3.1599747169480397,16.533789099900847,-0.0443897952721469,0.14890650376584222,0.08495262974394105,-1.97630248880719,1.0483941645349772,1.0128609540161535
15,1znb_A,197,218,-0.49544381294517337,-1.163930998166625,-3.1780538303479458,2.8656235882069705,13.635983499550004,-0.3717598422992122,-0.05741154527591647,-0.24688647352647192,-1.97630248880719,0.8381307359082697,0.8912852793724485
15,1znb_A,198,219,-0.8093963833839973,-1.271064248941402,-3.367295829986474,2.5376572151735295,10.30698045016095,-0.6370063148504066,-0.29451914804097745,-0.556374924724481,-1.97630248880719,0.6840318706858061,0.7358956933969029
15,1znb_A,199,220,-1.1403177896844197,-1.338237152995152,-3.5553480614894135,2.372111155642656,8.389852322895793,-0.809447455206742,-0.4310979651758109,-0.7496731114247728,-1.97630248880719,0.5863967649652209,0.6402326124171964
15,1znb_A,200,221,-0.7462076928433979,-1.2973852015795972,-3.367295829986474,2.3233676321765744,5.434138938231149,-0.704305755846122,-0.6416830884650591,-0.8420360669277678,-1.97630248880719,0.6458355365350532,0.4884308853443691
15,1znb_A,201,222,-0.48406977534271334,-1.3021191433120942,-3.367295829986474,2.333114298028869,3.766909874154148,-0.7164575898047988,-0.7604695112844914,-0.935738765745975,-1.97630248880719,0.6389562341299792,0.4016074889312361
15,1znb_A,202,223,-0.8053196971782224,-1.1877644539159242,-3.218875824868201,2.4087452888224363,0,-0.4291178779476976,-1.0288494177065342,-0.9680413134408172,-1.97630248880719,0.8040882957019353,0.2041728796644377
15,1znb_A,203,224,-0.22334488047174425,-1.087134693166901,-3.044522437723423,2.474856313934499,3.815462619394928,-0.19626923521925269,-0.7570102485836591,-0.6255881543532049,-1.97630248880719,0.9465714264498296,0.4041429080041555
15,1znb_A,204,225,-0.5774037009208839,-1.1411903761865023,-3.0910424533583156,2.800933195248924,6.966478809269423,-0.31819332950390283,-0.5325076750133473,-0.5382766266147196,-1.97630248880719,0.8704536519818383,0.5675722102106322
15,1znb_A,205,226,-0.5723687977533224,-1.234576216862622,-3.4011973816621555,2.653241964607215,8.577535426916054,-0.5447713220213369,-0.41772657151448395,-0.5897719917771235,-1.97630248880719,0.7367991953016798,0.6497313017283867
15,1znb_A,206,227,-0.5315509257484909,-1.0926646762581884,-2.995732273553991,2.5680215564985067,10.193279796022477,-0.20835369571915824,-0.3026188689994035,-0.30714656535902274,-1.97630248880719,0.938835012194944,0.7303209112532234
15,1znb_A,207,228,-0.08634530518257229,-1.0900047086354918,-3.044522437723423,2.615934912194404,11.563082720451323,-0.20252911712134963,-0.20504335399048151,-0.23732930371110592,-1.97630248880719,0.9425578176420104,0.7964153674540737
15,1znb_A,208,229,-0.3886304149251139,-1.1179391297210612,-3.218875824868201,2.7862450486872667,11.28090107216618,-0.2647493704105075,-0.2251430108490143,-0.28997378226015397,-1.97630248880719,0.9033254448209784,0.7830032617260579
15,1znb_A,209,230,-0.3856078959945842,-1.051340987962842,-2.9444389791664407,2.7186603802142257,10.235208742375509,-0.12038406139235652,-0.2996319580851193,-0.24758262336508657,-1.97630248880719,0.996341471169668,0.7323783942724355
15,1znb_A,210,231,-0.6167838661191947,-1.228197767402218,-3.295836866004329,2.6539459421090092,6.431691612631937,-0.5288129644204215,-0.5706097634629715,-0.6902611892789977,-1.97630248880719,0.7459973009732936,0.5400439985548987
15,1znb_A,211,232,-0.45508133714870735,-1.2125513199034017,-3.4011973816621555,2.517696472610991,7.761447416558335,-0.4899162425622858,-0.47586894542468106,-0.5995044751106794,-1.97630248880719,0.7685229614019806,0.60827505229453
15,1znb_A,212,233,-0.4653458406353609,-1.106065005245786,-3.044522437723423,2.5257286443082556,9.743460063037157,-0.23802245718312537,-0.33466346153091464,-0.34813526754527685,-1.97630248880719,0.920038233433289,0.7081289878286243
15,1znb_A,213,234,-0.4265692572779984,-1.0744672122852863,-2.995732273553991,2.432735777459091,7.555836088746233,-0.16895141401169222,-0.49051795712121127,-0.414281538709974,-1.97630248880719,0.9642463245766232,0.5977746255205931
15,1znb_A,214,235,-0.4314877340801776,-1.1866714502523987,-3.332204510175204,2.4344901638739844,5.365220685116317,-0.4264624881142162,-0.6465933684091452,-0.6857954539670145,-1.97630248880719,0.8056529511622424,0.4848540836779336
15,1znb_A,215,236,-0.10366935458394176,-1.1513041525034595,-3.218875824868201,2.6311691567662523,9.014168403130707,-0.3418671990544724,-0.3866192619645517,-0.4484714014604085,-1.97630248880719,0.8560983672862718,0.6717327200605097
15,1znb_A,216,237,0.05284056074987341,-1.003052204042728,-2.995732273553991,2.761274962339508,10.35263932531217,-0.02422184170782673,-0.29126655636447274,-0.1755661489467099,-1.97630248880719,1.0626061054171274,0.7381302344433529
15,1znb_A,217,238,-0.02917630644118708,-1.0434028690890689,-3.1354942159291497,2.5201129055226197,8.653687884364677,-0.1040950969427476,-0.4123011532434387,-0.3154183780500495,-1.97630248880719,1.00730552379434,0.6535785869628005
15,1znb_A,218,239,0.00638254498452238,-1.1173260901101447,-3.4011973816621555,2.482403519569882,9.63601914692992,-0.26335979878587856,-0.3423175656510449,-0.3693151793136368,-1.97630248880719,0.904189564945875,0.7027977445476778
15,1znb_A,219,240,0.4679336020524146,-0.9595895114194236,-2.995732273553991,2.5771819258971713,12.917481643106756,0.05656073615132322,-0.10857910494171212,0.00416507029278673,-1.97630248880719,1.121328706372567,0.8591388527274098
15,1znb_A,220,241,0.5603165187540633,-0.8102542036390324,-2.772588722239781,2.6232182655855123,13.632346679864035,0.29703045398128014,-0.05767052736521342,0.2305208822049088,-1.97630248880719,1.3156988182613023,0.8911245527507963
15,1znb_A,221,242,1.2740291319427288,-0.753747844956141,-2.890371757896165,2.372111155642656,12.139655266934067,0.37493892182241934,-0.16397633579838558,0.23309186402790735,-1.97630248880719,1.3859400538279367,0.8234542990071605
15,1znb_A,225,246,1.4292020945896675,0.10651483328085463,-2.3025850929940455,2.8207834710894493,15.205932362075009,1.272724753448065,0.05437526590557067,1.2724153890875167,-1.97630248880719,2.2899587063262135,0.9587591715684928
15,1znb_A,226,247,1.1572233749938965,0.17898767986673764,-2.1972245773362196,3.414442608412176,18.35604971119876,1.3439688877447502,0.27861221623111976,1.464285291287589,-1.97630248880719,2.3571718514284257,1.0834159286663534
15,1znb_A,227,248,1.8438696365968703,0.5127620866345548,-1.9459101490553137,3.697095608885277,21.034034420433947,1.6675462825521326,0.4691953579369249,1.863541097308521,-1.97630248880719,2.657689474901187,1.1821541112145242
15,1znb_A,228,249,2.0118289736406885,0.8949080166492831,-1.6094379124341005,3.766534698679541,23.186445393807137,2.0343204921808873,0.6223595680568207,2.2754497730117484,-1.97630248880719,2.9924722462045064,1.2592800156144317
